{
  "acc": [
    0.38461539149284363,
    0.6153846383094788,
    0.8846153616905212,
    0.9230769276618958,
    0.9615384340286255,
    0.9230769276618958,
    0.9230769276618958,
    1.0,
    1.0,
    0.9615384340286255,
    1.0,
    1.0,
    1.0,
    1.0,
    1.0,
    1.0,
    1.0,
    1.0,
    1.0,
    1.0,
    1.0,
    1.0,
    1.0,
    1.0,
    1.0,
    1.0,
    1.0,
    1.0,
    1.0,
    1.0,
    1.0,
    1.0,
    1.0,
    1.0,
    1.0,
    1.0,
    1.0,
    1.0,
    1.0,
    1.0,
    1.0,
    1.0,
    1.0,
    1.0,
    1.0,
    1.0,
    1.0,
    1.0
  ],
  "loss": [
    1.5930761098861694,
    1.0975784063339233,
    0.7611054182052612,
    0.5453522205352783,
    0.4286612868309021,
    0.4161946177482605,
    0.283033162355423,
    0.16977296769618988,
    0.1186852902173996,
    0.10735590010881424,
    0.038204826414585114,
    0.04172205552458763,
    0.028084931895136833,
    0.026369798928499222,
    0.009980211034417152,
    0.01232843566685915,
    0.010065000504255295,
    0.045221827924251556,
    0.0197764802724123,
    0.010983359068632126,
    0.009384036995470524,
    0.003322394099086523,
    0.0038785969372838736,
    0.004488363396376371,
    0.006172006018459797,
    0.0018343467963859439,
    0.013244975358247757,
    0.0011712937848642468,
    0.0007354774279519916,
    0.0015708811115473509,
    0.0065328036434948444,
    0.0005700309411622584,
    0.00018416660896036774,
    0.0007095342152751982,
    0.001561382319778204,
    0.015105893835425377,
    0.00026456889463588595,
    0.007462583482265472,
    0.0004355679266154766,
    0.00011363172234268859,
    0.012483092024922371,
    0.00031426415080204606,
    0.0011051143519580364,
    0.0009968718513846397,
    5.553843220695853e-05,
    0.0002636718563735485,
    0.0005325149395503104,
    0.001546375686302781
  ],
  "top3": [
    0.5769230723381042,
    0.8461538553237915,
    1.0,
    1.0,
    1.0,
    1.0,
    1.0,
    1.0,
    1.0,
    1.0,
    1.0,
    1.0,
    1.0,
    1.0,
    1.0,
    1.0,
    1.0,
    1.0,
    1.0,
    1.0,
    1.0,
    1.0,
    1.0,
    1.0,
    1.0,
    1.0,
    1.0,
    1.0,
    1.0,
    1.0,
    1.0,
    1.0,
    1.0,
    1.0,
    1.0,
    1.0,
    1.0,
    1.0,
    1.0,
    1.0,
    1.0,
    1.0,
    1.0,
    1.0,
    1.0,
    1.0,
    1.0,
    1.0
  ],
  "val_acc": [
    0.5714285969734192,
    0.7142857313156128,
    1.0,
    1.0,
    1.0,
    1.0,
    1.0,
    1.0,
    1.0,
    1.0,
    1.0,
    1.0,
    1.0,
    1.0,
    1.0,
    1.0,
    1.0,
    1.0,
    1.0,
    1.0,
    1.0,
    1.0,
    1.0,
    1.0,
    1.0,
    1.0,
    1.0,
    1.0,
    1.0,
    1.0,
    1.0,
    1.0,
    1.0,
    1.0,
    1.0,
    1.0,
    1.0,
    1.0,
    1.0,
    1.0,
    1.0,
    1.0,
    1.0,
    1.0,
    1.0,
    1.0,
    1.0,
    1.0
  ],
  "val_loss": [
    1.0674550533294678,
    0.8241177797317505,
    0.6829503178596497,
    0.5683977007865906,
    0.45729556679725647,
    0.3629130423069,
    0.269224613904953,
    0.19965822994709015,
    0.1552201807498932,
    0.12357902526855469,
    0.10145856440067291,
    0.08409390598535538,
    0.07192116975784302,
    0.06732625514268875,
    0.06445630639791489,
    0.06045868620276451,
    0.05930742248892784,
    0.06097227334976196,
    0.05344461277127266,
    0.04842502251267433,
    0.04174221307039261,
    0.03543833643198013,
    0.02979644015431404,
    0.024818947538733482,
    0.02124241553246975,
    0.018311521038413048,
    0.015985077247023582,
    0.014160462655127048,
    0.012794489972293377,
    0.011707835830748081,
    0.01092628575861454,
    0.010194940492510796,
    0.009593917056918144,
    0.009095911867916584,
    0.009104111231863499,
    0.008761195465922356,
    0.008683188818395138,
    0.008403502404689789,
    0.008166476152837276,
    0.007932251319289207,
    0.008218194358050823,
    0.008459455333650112,
    0.008239545859396458,
    0.008126823231577873,
    0.00807551946491003,
    0.008029001764953136,
    0.008052929304540157,
    0.008020488545298576
  ],
  "val_top3": [
    1.0,
    1.0,
    1.0,
    1.0,
    1.0,
    1.0,
    1.0,
    1.0,
    1.0,
    1.0,
    1.0,
    1.0,
    1.0,
    1.0,
    1.0,
    1.0,
    1.0,
    1.0,
    1.0,
    1.0,
    1.0,
    1.0,
    1.0,
    1.0,
    1.0,
    1.0,
    1.0,
    1.0,
    1.0,
    1.0,
    1.0,
    1.0,
    1.0,
    1.0,
    1.0,
    1.0,
    1.0,
    1.0,
    1.0,
    1.0,
    1.0,
    1.0,
    1.0,
    1.0,
    1.0,
    1.0,
    1.0,
    1.0
  ],
  "learning_rate": [
    0.0010000000474974513,
    0.0010000000474974513,
    0.0010000000474974513,
    0.0010000000474974513,
    0.0010000000474974513,
    0.0010000000474974513,
    0.0010000000474974513,
    0.0010000000474974513,
    0.0010000000474974513,
    0.0010000000474974513,
    0.0010000000474974513,
    0.0010000000474974513,
    0.0010000000474974513,
    0.0010000000474974513,
    0.0010000000474974513,
    0.0010000000474974513,
    0.0010000000474974513,
    0.0010000000474974513,
    0.0010000000474974513,
    0.0010000000474974513,
    0.0010000000474974513,
    0.0010000000474974513,
    0.0010000000474974513,
    0.0010000000474974513,
    0.0010000000474974513,
    0.0010000000474974513,
    0.0010000000474974513,
    0.0010000000474974513,
    0.0010000000474974513,
    0.0010000000474974513,
    0.0010000000474974513,
    0.0010000000474974513,
    0.0010000000474974513,
    0.0010000000474974513,
    0.0010000000474974513,
    0.0010000000474974513,
    0.0010000000474974513,
    0.0010000000474974513,
    0.0010000000474974513,
    0.0010000000474974513,
    0.0010000000474974513,
    0.0010000000474974513,
    0.0010000000474974513,
    0.0010000000474974513,
    0.0005000000237487257,
    0.0005000000237487257,
    0.0005000000237487257,
    0.0005000000237487257
  ]
}