{
  "accuracy": [
    0.6527777910232544,
    0.9548611044883728,
    0.9618055820465088,
    0.9756944179534912,
    0.96875,
    0.9826388955116272,
    0.96875,
    0.9756944179534912,
    0.9791666865348816,
    0.9895833134651184,
    0.9861111044883728,
    0.9791666865348816,
    0.9722222089767456,
    0.9826388955116272,
    0.96875,
    0.9652777910232544,
    0.9930555820465088,
    0.9965277910232544,
    0.9965277910232544,
    0.9930555820465088,
    1.0,
    0.9965277910232544,
    0.9930555820465088,
    0.9756944179534912,
    0.9722222089767456,
    0.9861111044883728,
    0.9895833134651184,
    0.9826388955116272,
    0.9930555820465088,
    0.9965277910232544,
    0.9965277910232544,
    0.9965277910232544,
    0.9965277910232544,
    0.9965277910232544,
    1.0,
    1.0,
    1.0,
    1.0,
    0.9930555820465088,
    0.9930555820465088,
    0.9965277910232544,
    0.9965277910232544,
    1.0,
    1.0,
    1.0,
    1.0,
    1.0
  ],
  "loss": [
    1.0864731073379517,
    0.18573081493377686,
    0.1378035545349121,
    0.08413346856832504,
    0.10130030661821365,
    0.0415041409432888,
    0.09594472497701645,
    0.07090888917446136,
    0.07698699086904526,
    0.05192888528108597,
    0.051459506154060364,
    0.050938673317432404,
    0.0985020101070404,
    0.04884355515241623,
    0.07840187847614288,
    0.13090625405311584,
    0.034952905029058456,
    0.02240952104330063,
    0.01577291078865528,
    0.022791020572185516,
    0.006231756880879402,
    0.010272730141878128,
    0.022254012525081635,
    0.147123321890831,
    0.1258593052625656,
    0.038061488419771194,
    0.028575381264090538,
    0.06016147881746292,
    0.020239174365997314,
    0.013584140688180923,
    0.006141752935945988,
    0.014272734522819519,
    0.013971277512609959,
    0.008327133022248745,
    0.0018323032418265939,
    0.0017571295611560345,
    0.00538232084363699,
    0.002846662187948823,
    0.018990533426404,
    0.01786688156425953,
    0.006912727374583483,
    0.02329576388001442,
    0.0031171964947134256,
    0.0022757037077099085,
    0.0005709611577913165,
    0.0022615392226725817,
    0.0019312389194965363
  ],
  "val_accuracy": [
    0.1388888955116272,
    0.25,
    0.3194444477558136,
    0.5555555820465088,
    0.625,
    0.6527777910232544,
    0.7777777910232544,
    0.9305555820465088,
    0.9583333134651184,
    0.9861111044883728,
    0.9305555820465088,
    0.9583333134651184,
    0.9722222089767456,
    0.9722222089767456,
    0.9583333134651184,
    0.9722222089767456,
    0.9861111044883728,
    1.0,
    0.9861111044883728,
    1.0,
    1.0,
    1.0,
    1.0,
    0.8611111044883728,
    0.9583333134651184,
    0.9583333134651184,
    1.0,
    1.0,
    1.0,
    1.0,
    1.0,
    1.0,
    1.0,
    1.0,
    1.0,
    1.0,
    1.0,
    1.0,
    1.0,
    1.0,
    0.9861111044883728,
    1.0,
    1.0,
    1.0,
    1.0,
    1.0,
    1.0
  ],
  "val_loss": [
    2.440251588821411,
    2.613359212875366,
    2.329472780227661,
    1.5603522062301636,
    1.115433931350708,
    1.0047688484191895,
    0.5565666556358337,
    0.3237593472003937,
    0.17405320703983307,
    0.09791317582130432,
    0.17177699506282806,
    0.15551359951496124,
    0.0913902297616005,
    0.10441230237483978,
    0.14513011276721954,
    0.07283492386341095,
    0.05360151082277298,
    0.010354097001254559,
    0.04099845513701439,
    0.001396302250213921,
    0.0030897231772542,
    0.0010013306746259332,
    0.00326822348870337,
    0.8836552500724792,
    0.12363012880086899,
    0.10273656249046326,
    0.0017180475406348705,
    0.003371333936229348,
    0.0008998092962428927,
    0.000557989755179733,
    0.0003787378955166787,
    0.0003909545484930277,
    0.0009886521147564054,
    0.00082326092524454,
    0.000351292866980657,
    0.0002429381274851039,
    0.0002295468730153516,
    0.00037541560595855117,
    0.004442415200173855,
    0.012692108750343323,
    0.09422587603330612,
    0.012321600690484047,
    0.003968421369791031,
    0.004976837895810604,
    0.005851392634212971,
    0.006476317998021841,
    0.006765684112906456
  ],
  "learning_rate": [
    0.0010000000474974513,
    0.0010000000474974513,
    0.0010000000474974513,
    0.0010000000474974513,
    0.0010000000474974513,
    0.0010000000474974513,
    0.0010000000474974513,
    0.0010000000474974513,
    0.0010000000474974513,
    0.0010000000474974513,
    0.0010000000474974513,
    0.0010000000474974513,
    0.0010000000474974513,
    0.0010000000474974513,
    0.0010000000474974513,
    0.0010000000474974513,
    0.0010000000474974513,
    0.0010000000474974513,
    0.0010000000474974513,
    0.0010000000474974513,
    0.0010000000474974513,
    0.0010000000474974513,
    0.0010000000474974513,
    0.0010000000474974513,
    0.0010000000474974513,
    0.0010000000474974513,
    0.0010000000474974513,
    0.0005000000237487257,
    0.0005000000237487257,
    0.0005000000237487257,
    0.0005000000237487257,
    0.0005000000237487257,
    0.0005000000237487257,
    0.0005000000237487257,
    0.0005000000237487257,
    0.0005000000237487257,
    0.0005000000237487257,
    0.0005000000237487257,
    0.0005000000237487257,
    0.0005000000237487257,
    0.0005000000237487257,
    0.0002500000118743628,
    0.0002500000118743628,
    0.0002500000118743628,
    0.0002500000118743628,
    0.0002500000118743628,
    0.0001250000059371814
  ]
}