{
  "0": 1.1785714285714286,
  "1": 1.1785714285714286,
  "2": 0.9166666666666666,
  "3": 0.825
}