{
  "0": 1.104978354978355,
  "1": 1.2154761904761904,
  "2": 1.2154761904761904,
  "3": 1.0128968253968254,
  "4": 1.2154761904761904,
  "5": 1.2154761904761904,
  "6": 2.701058201058201,
  "7": 2.20995670995671,
  "8": 2.4309523809523808,
  "9": 0.6752645502645502,
  "10": 0.7841781874039938,
  "11": 0.934981684981685,
  "12": 0.6397243107769424,
  "13": 0.6945578231292517,
  "14": 1.4299719887955182,
  "15": 0.7841781874039938,
  "16": 0.9723809523809523,
  "17": 0.8382594417077176,
  "18": 0.9723809523809523,
  "19": 0.8103174603174603,
  "20": 0.8103174603174603,
  "21": 0.8103174603174603,
  "22": 0.8103174603174603,
  "23": 1.86996336996337,
  "24": 0.934981684981685,
  "25": 0.8103174603174603,
  "26": 0.8103174603174603,
  "27": 0.8103174603174603,
  "28": 0.7841781874039938,
  "29": 0.8103174603174603,
  "30": 0.8103174603174603,
  "31": 0.7841781874039938,
  "32": 0.7596726190476191,
  "33": 0.8103174603174603,
  "34": 0.8103174603174603,
  "35": 1.056935817805383,
  "36": 1.104978354978355,
  "37": 2.4309523809523808,
  "38": 1.2794486215538847,
  "39": 2.0257936507936507,
  "40": 8.103174603174603,
  "41": 1.2154761904761904
}